"FechaActualizacion","Agencia","AI_pct","RR_pct","PCITA_pct","VEL_pct","FactorDesempeno","ImportePB","Personal","QuiebreTotal_pct","BacklogInstala_dias","BacklogRepara_dias"
"14-09-2026","San Antonio","0,22","1,45","76,74","82,5","1,08","14457350","5","14,11","3,57","2"
"14-09-2026","Valparaíso","0,71","1,8","75,12","75,8","1,02","41473716","17","23,68","3,503","1,777"
"14-09-2026","Viña del Mar","3,35","7,89","68,28","68","0,923","60495099","34","31,31","3,097","1,447"
"15-09-2026","San Antonio","0,22","1,45","77,24","82,5","1,082","14484412","5","14,11","3,57","2"
"15-09-2026","Valparaíso","0,71","1,8","75,11","75,8","1,02","41473716","17","23,68","3,503","1,777"
"15-09-2026","Viña del Mar","3,35","7,89","68,12","68","0,9223","60447791","34","31,31","3,097","1,447"
"16-09-2026","San Antonio","0,22","1,45","76,92","82,5","1,0807","14467093","5","14,11","3,635","1,922"
"16-09-2026","Valparaíso","0,71","1,8","73,72","75,8","1,02","41473716","17","23,68","3,24","1,553"
"16-09-2026","Viña del Mar","3,4","7,97","67,98","68","0,9217","60406397","34","31,31","3,384","1,438"
"17-09-2026","San Antonio","0,22","1,45","76,92","82,5","1,0807","14467093","5","14,11","3,635","1,664"
"17-09-2026","Valparaíso","0,71","1,94","73,72","75,8","1,02","41473716","17","23,68","3,24","1,477"
"17-09-2026","Viña del Mar","3,4","8,29","67,98","68","0,9217","60406397","34","31,31","3,384","1,222"
"19-09-2026","San Antonio","0,22","1,45","77,72","82,5","1,0839","14510392","5","14,11","4,138","1,815"
"19-09-2026","Valparaíso","0,71","1,94","72,24","75,8","1,0146","41254149","17","23,68","3,284","1,315"
"19-09-2026","Viña del Mar","3,45","8,37","67,06","68","0,9175","60134376","34","31,31","3,034","1,234"
"20-09-2026","San Antonio","0,22","1,45","77,72","82,1","1,0799","14456845","5","14,11","4,138","1,815"
"20-09-2026","Valparaíso","0,71","1,94","72,24","72,5","1,0146","41254149","17","23,68","3,284","1,315"
"20-09-2026","Viña del Mar","3,45","8,37","67,06","69,5","0,9175","60134376","34","31,31","3,034","1,234"
"21-09-2026","San Antonio","0,22","1,45","77,96","82,1","1,0809","14469835","5","14,11","3,803","2,359"
"21-09-2026","Valparaíso","0,71","1,94","71,9","72,5","1,0131","41194901","17","23,68","4,212","1,763"
"21-09-2026","Viña del Mar","3,45","8,37","66,7","69,5","0,9159","60027933","34","31,31","3,879","1,494"
"22-09-2026","San Antonio","0,22","1,45","77,94","82,1","1,0808","14468752","5","14,11","4,058","2,359"
"22-09-2026","Valparaíso","0,71","1,94","71,65","72,5","1,0121","41151336","17","23,68","4,863","1,763"
"22-09-2026","Viña del Mar","3,45","8,37","66,08","69,5","0,9131","59844614","34","31,31","4,159","1,494"
"02-10-2026","San Antonio","0,22","0,94","77,78","75,9","1,0192","0","6","16,2","2,926","1,165"
"02-10-2026","Valparaíso","0,71","1,03","72,64","71,6","1,0163","0","17","25,3","3,59","2,048"
"02-10-2026","Viña del Mar","3,6","4,32","66,15","69,7","0,9134","0","34","31,94","3,311","1,826"
"04-10-2026","San Antonio","0,22","0,94","75","75,9","1,008","0","6","16,2","2,926","1,165"
"04-10-2026","Valparaíso","0,71","1,03","80,85","71,6","1,02","0","17","25,3","3,59","2,048"
"04-10-2026","Viña del Mar","3,6","4,32","63,77","69,7","0,9027","0","34","31,94","3,311","1,826"
"05-10-2026","San Antonio","1,02","0,94","82,86","74","1,02","0","6","16,2","2,936","1,89"
"05-10-2026","Valparaíso","0,27","1,47","77,5","71","1,02","0","17","25,3","2,664","1,82"
"05-10-2026","Viña del Mar","2,42","5,17","71,49","69,5","0,9321","0","34","31,94","3,004","1,806"
"06-10-2026","San Antonio","1,02","0,94","77,36","74","1,0175","0","6","16,2","2,702","1,89"
"06-10-2026","Valparaíso","0,27","1,47","76,83","71","1,02","0","17","25,3","2,497","1,82"
"06-10-2026","Viña del Mar","2,42","5,17","69,39","69,5","0,9301","0","34","31,94","2,75","1,806"
"07-10-2026","San Antonio","1,02","0,94","74,58","74","1,0063","0","6","16,2","3,71","2,56"
"07-10-2026","Valparaíso","0,27","1,62","72,2","71","1,0144","0","17","25,3","2,742","1,252"
"07-10-2026","Viña del Mar","2,42","5,63","66,16","69,5","0,9155","0","34","31,94","3,103","1,396"
"08-10-2026","San Antonio","1,02","0,94","76,56","74","1,0143","0","6","16,2","3,71","2,427"
"08-10-2026","Valparaíso","0,27","1,62","71,9","71","1,0131","0","17","25,3","2,742","1,396"
"08-10-2026","Viña del Mar","2,42","5,86","66,67","69,5","0,9178","0","34","31,94","3,103","1,617"
"09-10-2026","San Antonio","1,02","0,94","76,56","74","1,0143","0","6","16,2","3,062","2,374"
"09-10-2026","Valparaíso","0,27","1,62","71,9","71","1,0131","0","17","25,3","2,871","1,418"
"09-10-2026","Viña del Mar","2,42","5,86","66,67","69,5","0,9178","0","34","31,94","3,252","1,464"
"10-10-2026","San Antonio","1,02","0,94","80,77","74","1,02","0","6","16,2","3,062","2,374"
"10-10-2026","Valparaíso","0,27","1,62","71,33","71","1,0107","0","17","25,3","2,871","1,418"
"10-10-2026","Viña del Mar","2,42","5,86","66,24","69,5","0,9159","0","34","31,94","3,252","1,464"
